posting_id,title,employer,location,region,role_family,role_taxonomy_version,matched_search_families,posted_date,retrieved_on,salary_min,salary_max,salary_period,salary_is_predicted,contract_type,skills,skill_taxonomy_version,source,is_synthetic
5913587120,Glasgow Technology Analyst Graduate Programme 2027 - 2028,Accenture,"Hillhead, Glasgow City Centre",Scotland,Other analyst,2.0,Data Analyst,2026-10-06,2026-10-06,36400,36400,unspecified,True,Not stated,,1.0,Adzuna API,False
5913587097,Leeds Technology Analyst Graduate Programme 2027 - 2028,Accenture,"Holbeck, Leeds",Yorkshire and the Humber,Other analyst,2.0,Data Analyst,2026-10-06,2026-10-06,36400,36400,unspecified,True,Not stated,,1.0,Adzuna API,False
5913586329,Leeds Software Engineering Graduate Programme 2027 - 2028,Accenture,"Holbeck, Leeds",Yorkshire and the Humber,Other / review,2.0,Data Analyst,2026-10-06,2026-10-06,36400,36400,unspecified,True,Not stated,,1.0,Adzuna API,False
5913586034,Birmingham Software Engineering Graduate Programme 2027 - 2028,Accenture,"Deritend, Birmingham",West Midlands,Other / review,2.0,Data Analyst,2026-10-06,2026-10-06,36400,36400,unspecified,True,Not stated,,1.0,Adzuna API,False
5913586024,Procurement Data Analyst,Clarion Housing Group,"Central London, London",London,Data Analyst,2.0,Data Analyst,2026-10-06,2026-10-06,30264,37830,annual,True,contract,,1.0,Adzuna API,False
5913585792,Newcastle Software Engineering Graduate Programme 2027 - 2028,Accenture,"Shiremoor, Newcastle Upon Tyne",North East,Other / review,2.0,Data Analyst,2026-10-06,2026-10-06,36400,36400,unspecified,True,Not stated,,1.0,Adzuna API,False
5913585645,London Technology Analyst Graduate Programme 2027 - 2028,Accenture,"Fenchurch St, Central London",London,Other analyst,2.0,Data Analyst,2026-10-06,2026-10-06,40000,40000,unspecified,True,Not stated,,1.0,Adzuna API,False
5913585572,Manchester Technology Analyst Graduate Programme 2027 - 2028,Accenture,"Manchester, Greater Manchester",North West,Other analyst,2.0,Data Analyst,2026-10-06,2026-10-06,36400,36400,unspecified,True,Not stated,,1.0,Adzuna API,False
5913585559,Manchester Software Engineering Graduate Programme 2027 - 2028,Accenture,"Manchester, Greater Manchester",North West,Other / review,2.0,Data Analyst,2026-10-06,2026-10-06,36400,36400,unspecified,True,Not stated,,1.0,Adzuna API,False
5913585149,Data Governance Analyst,Vitality,"Bournemouth, Dorset",South West,Other analyst,2.0,Data Analyst,2026-10-06,2026-10-06,44686.64,44686.64,weekly,True,Not stated,Stakeholder communication,1.0,Adzuna API,False
5913585087,BI Analyst (Marketing),Limited,"Victoria, South West London",London,BI Analyst,2.0,Data Analyst,2026-10-06,2026-10-06,49257.52,49257.52,weekly,True,Not stated,,1.0,Adzuna API,False
5913585082,2027 Data Science Apprentice,Thales,UK,Unclassified,Other / review,2.0,Data Analyst,2026-10-06,2026-10-06,24000,24000,unspecified,True,permanent,,1.0,Adzuna API,False
5913584950,Edinburgh AI & Data Graduate Programme 2027 - 2028,Accenture,"Edinburgh, Scotland",Scotland,Other / review,2.0,Data Analyst,2026-10-06,2026-10-06,36400,36400,unspecified,True,Not stated,,1.0,Adzuna API,False
5913584669,Newcastle Technology Analyst Graduate Programme 2027 - 2028,Accenture,"Shiremoor, Newcastle Upon Tyne",North East,Other analyst,2.0,Data Analyst,2026-10-06,2026-10-06,36400,36400,unspecified,True,Not stated,,1.0,Adzuna API,False
5913584656,Glasgow Software Engineering Graduate Programme 2027 - 2028,Accenture,"Hillhead, Glasgow City Centre",Scotland,Other / review,2.0,Data Analyst,2026-10-06,2026-10-06,36400,36400,unspecified,True,Not stated,,1.0,Adzuna API,False
5913584323,Bristol Technology Analyst Graduate Programme 2027 - 2028,Accenture,"Redcliffe, Bristol",South West,Other analyst,2.0,Data Analyst,2026-10-06,2026-10-06,36400,36400,unspecified,True,Not stated,,1.0,Adzuna API,False
5913584172,Data Analyst,The Society of Radiographers,UK,Unclassified,Data Analyst,2.0,Data Analyst,2026-10-06,2026-10-06,51614,51614,weekly,True,contract,,1.0,Adzuna API,False
5913584003,Principal Data Architect,Bupa Occupational Health,"London, UK",London,Other / review,2.0,Data Analyst,2026-10-06,2026-10-06,84742.95,84742.95,unspecified,True,permanent,,1.0,Adzuna API,False
5913583580,"Data Scientist, Global Smaller Companies Equities",Invesco,"Henley-On-Thames, Oxfordshire",South East,Other / review,2.0,Data Analyst,2026-10-06,2026-10-06,48603.16,48603.16,unspecified,True,Not stated,,1.0,Adzuna API,False
5913578099,Data Science Machine Learning Internship (Summer 2027),Castleton Commodities International,"London, UK",London,Other / review,2.0,Data Analyst,2026-10-06,2026-10-06,52725.49,52725.49,unspecified,True,contract,,1.0,Adzuna API,False
5913577315,Edinburgh Technology Analyst Graduate Programme 2027 - 2028,Accenture,"Edinburgh, Scotland",Scotland,Other analyst,2.0,Data Analyst,2026-10-06,2026-10-06,36400,36400,unspecified,True,Not stated,,1.0,Adzuna API,False
5913532539,APP Data Analyst,Burberry,"London, UK",London,Data Analyst,2.0,Data Analyst,2026-10-06,2026-10-06,51837.16,51837.16,unspecified,True,Not stated,,1.0,Adzuna API,False
5913507637,Commercial Data & Pricing Analyst,European Tyre Enterprise Limited,"County Antrim, Northern Ireland",Northern Ireland,Other analyst,2.0,Data Analyst,2026-10-06,2026-10-06,35000,35000,unspecified,True,contract,Excel,1.0,Adzuna API,False
5913462055,Company Intelligence Analyst,The Opportunity Hub UK,"London, UK",London,Other analyst,2.0,Data Analyst,2026-10-06,2026-10-06,30000,35000,unspecified,True,permanent,,1.0,Adzuna API,False
5913461948,Finance/Business Analyst Internship,The Opportunity Hub UK,"Surrey, South East England",South East,Other analyst,2.0,BI Analyst|Data Analyst,2026-10-06,2026-10-06,24000,25000,unspecified,True,permanent,,1.0,Adzuna API,False
5913461899,Finance/Business Analyst Internship,The Opportunity Hub UK,"Surrey, South East England",South East,Other analyst,2.0,BI Analyst|Data Analyst,2026-10-06,2026-10-06,24000,25000,unspecified,True,permanent,,1.0,Adzuna API,False
5913461823,Finance/Business Analyst Internship,The Opportunity Hub UK,"Surrey, South East England",South East,Other analyst,2.0,BI Analyst|Data Analyst,2026-10-06,2026-10-06,25000,25000,unspecified,True,permanent,,1.0,Adzuna API,False
5913461793,Data Analyst Intern - Financial Markets,The Opportunity Hub UK,"London, UK",London,Data Analyst,2.0,Data Analyst,2026-10-06,2026-10-06,24000,25000,unspecified,True,permanent,,1.0,Adzuna API,False
5913414938,"Manager Data, Analytics, AI & Power BI",Anson Mccade,"Belfast, Northern Ireland",Northern Ireland,Other / review,2.0,Data Analyst,2026-10-06,2026-10-06,55991.32,55991.32,unspecified,True,permanent,Power BI|Stakeholder communication,1.0,Adzuna API,False
5913414290,Data Engineer - Belfast,Anson Mccade,"Belfast, Northern Ireland",Northern Ireland,Other / review,2.0,Data Analyst,2026-10-06,2026-10-06,52314.48,52314.48,unspecified,True,permanent,,1.0,Adzuna API,False
5913412105,Senior Data Engineer,Nuffield Health,"Ewell, Epsom",South East,Other / review,2.0,Data Analyst,2026-10-06,2026-10-06,61578.94,61578.94,weekly,True,permanent,,1.0,Adzuna API,False
5913348409,Principal Data Architect,Bupa,UK,Unclassified,Other / review,2.0,Data Analyst,2026-10-06,2026-10-06,79971.75,79971.75,unspecified,True,permanent,,1.0,Adzuna API,False
5913222675,Lead Senior Engineer(Bridges),Not stated,UK,Unclassified,Other / review,2.0,Data Analyst,2026-10-06,2026-10-06,52348.06,52348.06,unspecified,True,permanent,,1.0,Adzuna API,False
5912983202,Technology Consultant - Data Analyst,Sparta Global Limited,"London, UK",London,Data Analyst,2.0,Data Analyst,2026-10-05,2026-10-06,25000,26000,unspecified,True,permanent,,1.0,Adzuna API,False
5912980878,Assurance - Financial Services - Forensic Data Analyst - Senior - London,EY UK,UK,Unclassified,Data Analyst,2.0,Data Analyst,2026-10-05,2026-10-06,39743.45,39743.45,unspecified,True,Not stated,,1.0,Adzuna API,False
5912980739,"(INV) Senior Manager, Snowflake AI & & Data Client Solutions Lead, TC UKI",EY UK,UK,Unclassified,Other / review,2.0,Data Analyst,2026-10-05,2026-10-06,66260.86,66260.86,unspecified,True,Not stated,Stakeholder communication,1.0,Adzuna API,False
5912975783,Aerospace Data Analyst,ALTEN,"Belfast, Northern Ireland",Northern Ireland,Data Analyst,2.0,Data Analyst,2026-10-05,2026-10-06,44289.27,44289.27,unspecified,True,Not stated,Stakeholder communication,1.0,Adzuna API,False
5912952627,Data Analyst,CBSbutler Holdings Limited,"London, UK",London,Data Analyst,2.0,Data Analyst,2026-10-05,2026-10-06,59510.89,59510.89,unspecified,True,Not stated,,1.0,Adzuna API,False
5912952167,Junior Data Consultant,Sparta Global Limited,"Manchester, Greater Manchester",North West,Other / review,2.0,Data Analyst,2026-10-05,2026-10-06,24000,24000,unspecified,True,permanent,,1.0,Adzuna API,False
5912952115,Trainee Project Manager - No experience needed,NEWTO TRAINING LIMITED,UK,Unclassified,Other / review,2.0,Data Analyst,2026-10-05,2026-10-06,55000,55000,annual,True,Not stated,,1.0,Adzuna API,False
5912952110,Trainee Data Analyst No Experience Needed,NEWTO TRAINING LIMITED,UK,Unclassified,Data Analyst,2.0,Data Analyst,2026-10-05,2026-10-06,65000,65000,annual,True,Not stated,,1.0,Adzuna API,False
5912950839,Trainee Project Manager - no experience needed,NEWTO TRAINING LIMITED,"Leeds, West Yorkshire",Yorkshire and the Humber,Other / review,2.0,Data Analyst,2026-10-05,2026-10-06,55000,55000,annual,True,Not stated,,1.0,Adzuna API,False
5912950840,Trainee Project Manager - no experience needed,NEWTO TRAINING LIMITED,"Glasgow, Scotland",Scotland,Other / review,2.0,Data Analyst,2026-10-05,2026-10-06,55000,55000,annual,True,Not stated,,1.0,Adzuna API,False
5912950851,Trainee Project Manager - no experience needed,NEWTO TRAINING LIMITED,"Sheffield, South Yorkshire",Yorkshire and the Humber,Other / review,2.0,Data Analyst,2026-10-05,2026-10-06,55000,55000,annual,True,Not stated,,1.0,Adzuna API,False
5912950854,Trainee Project Manager - no experience needed,NEWTO TRAINING LIMITED,"Edinburgh, Scotland",Scotland,Other / review,2.0,Data Analyst,2026-10-05,2026-10-06,55000,55000,annual,True,Not stated,,1.0,Adzuna API,False
5912950844,Trainee Project Manager - no experience needed,NEWTO TRAINING LIMITED,"Cardiff, Cardiff County",Wales,Other / review,2.0,Data Analyst,2026-10-05,2026-10-06,55000,55000,annual,True,Not stated,,1.0,Adzuna API,False
5912950835,Trainee Project Manager - no experience needed,NEWTO TRAINING LIMITED,"North London, London",London,Other / review,2.0,Data Analyst,2026-10-05,2026-10-06,55000,55000,annual,True,Not stated,,1.0,Adzuna API,False
5912950833,Trainee Project Manager - no experience required,NEWTO TRAINING LIMITED,"Birmingham, West Midlands",West Midlands,Other / review,2.0,Data Analyst,2026-10-05,2026-10-06,55000,55000,annual,True,Not stated,,1.0,Adzuna API,False
5912950842,Trainee Project Manager - no experience needed,NEWTO TRAINING LIMITED,"Manchester, Greater Manchester",North West,Other / review,2.0,Data Analyst,2026-10-05,2026-10-06,55000,55000,annual,True,Not stated,,1.0,Adzuna API,False
5912949520,Data Governance Analyst,Vitality Corporate Services Limited,"Bournemouth, Dorset",South West,Other analyst,2.0,Data Analyst,2026-10-05,2026-10-06,45000,45000,weekly,True,Not stated,Stakeholder communication,1.0,Adzuna API,False
5912851805,Data Scientist,Harnham - Data & Analytics Recruitment,"Merseyside, North West England",North West,Other / review,2.0,Data Analyst,2026-10-05,2026-10-06,45000,55000,weekly,True,Not stated,,1.0,Adzuna API,False
5912851807,Data Scientist,Harnham - Data & Analytics Recruitment,"Liverpool, Merseyside",North West,Other / review,2.0,Data Analyst,2026-10-05,2026-10-06,45000,55000,weekly,True,Not stated,,1.0,Adzuna API,False
5912851836,Analytics Engineer,Harnham - Data & Analytics Recruitment,"London, UK",London,Other / review,2.0,Data Analyst,2026-10-05,2026-10-06,75000,80000,weekly,True,Not stated,,1.0,Adzuna API,False
5912851652,Data Analyst,Elevation Recruitment Group,"Rotherham, South Yorkshire",Yorkshire and the Humber,Data Analyst,2.0,Data Analyst,2026-10-05,2026-10-06,35000,45000,unspecified,True,permanent,,1.0,Adzuna API,False
5912851668,Data Engineer,Elevation Recruitment Group,"Rotherham, South Yorkshire",Yorkshire and the Humber,Other / review,2.0,Data Analyst,2026-10-05,2026-10-06,45000,55000,unspecified,True,permanent,,1.0,Adzuna API,False
5912851580,Data Engineer,Tenth Revolution Group,"Reading, Berkshire",South East,Other / review,2.0,Data Analyst,2026-10-05,2026-10-06,40000,45000,unspecified,True,Not stated,Stakeholder communication,1.0,Adzuna API,False
5912851584,Senior data analyst,Lorien,"London, UK",London,Data Analyst,2.0,Data Analyst,2026-10-05,2026-10-06,54666.12,54666.12,unspecified,True,contract,,1.0,Adzuna API,False
5912850476,Data Test Analyst,TALENT INTERNATIONAL UK LTD,UK,Unclassified,Other analyst,2.0,Data Analyst,2026-10-05,2026-10-06,102180,102180,unspecified,True,permanent,,1.0,Adzuna API,False
5912846878,Data Analyst,INSIGHT INTERNATIONAL  Limited,"Horsham, West Sussex",South East,Data Analyst,2.0,Data Analyst,2026-10-05,2026-10-06,52764.37,52764.37,unspecified,True,Not stated,,1.0,Adzuna API,False
5912843290,Senior Insight Analyst,VGC,"West Camel, Yeovil",South West,Other analyst,2.0,BI Analyst|Data Analyst,2026-10-05,2026-10-06,52186,56000,unspecified,True,Not stated,,1.0,Adzuna API,False
5912837471,Data Test Analyst - SC Cleared,CBSbutler Holdings Limited trading as CBSbutler,"Oakengates, Telford",West Midlands,Other analyst,2.0,Data Analyst,2026-10-05,2026-10-06,93600,106080,hourly,True,contract,,1.0,Adzuna API,False
5912821536,Data Quality Developer,Southern Housing,"London, UK",London,Other / review,2.0,Data Analyst,2026-10-05,2026-10-06,53823.53,53823.53,unspecified,True,Not stated,,1.0,Adzuna API,False
5912753372,Data Engineer,Robert Half,"Windsor, Windsor & Maidenhead",South East,Other / review,2.0,Data Analyst,2026-10-05,2026-10-06,65000,75000,unspecified,True,permanent,,1.0,Adzuna API,False
5912745314,Data Analyst Apprentice,QA,"London, UK",London,Data Analyst,2.0,Data Analyst,2026-10-05,2026-10-06,27300,27300,unspecified,True,permanent,,1.0,Adzuna API,False
5912730788,Performance and Data Analyst (SEND),London Borough of Ealing,UK,Unclassified,Data Analyst,2.0,Data Analyst,2026-10-05,2026-10-06,0,5,unspecified,True,Not stated,,1.0,Adzuna API,False
5912729451,Senior Data Governance Analyst,National Grid,UK,Unclassified,Other analyst,2.0,Data Analyst,2026-10-05,2026-10-06,0,5,unspecified,True,Not stated,,1.0,Adzuna API,False
5912729273,People Generalist - 12-month Fixed-Term Contract (Maternity Cover),Future Publishing,UK,Unclassified,Other / review,2.0,Data Analyst,2026-10-05,2026-10-06,0,57,unspecified,True,contract,,1.0,Adzuna API,False
5912689283,Senior data analyst - Lorien Impellam,Lorien Impellam,"London, UK",London,Data Analyst,2.0,Data Analyst,2026-10-05,2026-10-06,45795.24,45795.24,unspecified,True,contract,,1.0,Adzuna API,False
5912660712,Data Analyst,CBSbutler Holdings Limited trading as CBSbutler,"Farringdon, Central London",London,Data Analyst,2.0,Data Analyst,2026-10-05,2026-10-06,60808.15,60808.15,unspecified,True,contract,,1.0,Adzuna API,False
5912585252,Machine Learning Engineer,Halfords,"Kingfisher Shopping Centre, Redditch",West Midlands,Other / review,2.0,Data Analyst,2026-10-05,2026-10-06,55633.21,55633.21,unspecified,True,Not stated,,1.0,Adzuna API,False
5912584960,Data Engineer - GCP,Adecco,"London, UK",London,Other / review,2.0,Data Analyst,2026-10-05,2026-10-06,136500,149500,unspecified,True,contract,,1.0,Adzuna API,False
5912576151,Data Engineer - GCP,Adecco,"The City, Central London",London,Other / review,2.0,Data Analyst,2026-10-05,2026-10-06,136500,149500,unspecified,True,contract,,1.0,Adzuna API,False
5912514487,"Vice President, Software Engineer (Private Markets Data)",BlackRock,"London, UK",London,Other / review,2.0,Data Analyst,2026-10-05,2026-10-06,82944.88,82944.88,unspecified,True,Not stated,,1.0,Adzuna API,False
5912514403,Associate/Vice President - Global Markets COO Team - Platform Development,BlackRock,"London, UK",London,Other / review,2.0,Data Analyst,2026-10-05,2026-10-06,44628.64,44628.64,unspecified,True,Not stated,,1.0,Adzuna API,False
5912492008,"INV) Senior Manager, Snowflake AI & & Data Client Solutions Lead, TC UKI",EY UK,"Tower Hill, Central London",London,Other / review,2.0,Data Analyst,2026-10-05,2026-10-06,64111.77,64111.77,unspecified,True,Not stated,Stakeholder communication,1.0,Adzuna API,False
5912491969,"INV) Senior Manager, Snowflake AI & & Data Client Solutions Lead, TC UKI",EY UK,"Old Trafford, Manchester",North West,Other / review,2.0,Data Analyst,2026-10-05,2026-10-06,66385.59,66385.59,unspecified,True,Not stated,Stakeholder communication,1.0,Adzuna API,False
5912490752,"INV) Senior Manager, Snowflake AI & & Data Client Solutions Lead, TC UKI",EY UK,"Hulme, Manchester",North West,Other / review,2.0,Data Analyst,2026-10-05,2026-10-06,52290.83,52290.83,unspecified,True,Not stated,Stakeholder communication,1.0,Adzuna API,False
5912349529,Data Engineer,Robert Half,"Windsor, Windsor & Maidenhead",South East,Other / review,2.0,Data Analyst,2026-10-05,2026-10-06,65000,75000,unspecified,True,permanent,,1.0,Adzuna API,False
5912349524,Senior BI Analyst,Harnham - Data & Analytics Recruitment,"Wolverhampton, West Midlands",West Midlands,BI Analyst,2.0,Data Analyst,2026-10-05,2026-10-06,60000,70000,weekly,True,Not stated,,1.0,Adzuna API,False
5912349520,Data Analyst (Forecasting & Modelling),ADLIB,"London, UK",London,Data Analyst,2.0,Data Analyst,2026-10-05,2026-10-06,50000,60000,monthly,True,Not stated,,1.0,Adzuna API,False
5912344903,Data & Automation Specialist,MCS Group,UK,Unclassified,Other / review,2.0,Data Analyst,2026-10-05,2026-10-06,68581.26,68581.26,weekly,True,Not stated,,1.0,Adzuna API,False
5912344763,Data & Automation Specialist,MCS Group,UK,Unclassified,Other / review,2.0,Data Analyst,2026-10-05,2026-10-06,68708.27,68708.27,weekly,True,Not stated,,1.0,Adzuna API,False
5912335677,"AVP/VP, Quantitative Strategist, Equities - GIC Private Limited",GIC Private Limited,"London, UK",London,Other / review,2.0,Data Analyst,2026-10-05,2026-10-06,70728.17,70728.17,unspecified,True,Not stated,,1.0,Adzuna API,False
5912191732,Electrical Design Engineer - Water Industry,Tetra Tech,"Risley, Warrington",North West,Other / review,2.0,Data Analyst,2026-10-05,2026-10-06,46362.73,46362.73,unspecified,True,Not stated,,1.0,Adzuna API,False
5912191661,Principal Mechanical Design Engineer - Water Industry,Tetra Tech,"Risley, Warrington",North West,Other / review,2.0,Data Analyst,2026-10-05,2026-10-06,64348.64,64348.64,unspecified,True,Not stated,,1.0,Adzuna API,False
5912191622,Project Manager - Water Industry,Tetra Tech,"Exeter, Devon",South West,Other / review,2.0,Data Analyst,2026-10-05,2026-10-06,50831.49,50831.49,unspecified,True,Not stated,,1.0,Adzuna API,False
5912191639,Senior Project Engineer - Water Industry,Tetra Tech,"London, UK",London,Other / review,2.0,Data Analyst,2026-10-05,2026-10-06,64410.77,64410.77,unspecified,True,Not stated,,1.0,Adzuna API,False
5912191678,Associate Director - Water,Tetra Tech,UK,Unclassified,Other / review,2.0,Data Analyst,2026-10-05,2026-10-06,72011.82,72011.82,unspecified,True,Not stated,,1.0,Adzuna API,False
5912191608,Principal Electrical Design Engineer - Water Industry,Tetra Tech,UK,Unclassified,Other / review,2.0,Data Analyst,2026-10-05,2026-10-06,69561.55,69561.55,unspecified,True,Not stated,,1.0,Adzuna API,False
5912191458,Data Engineer,Jacobs,"Bristol, South West England",South West,Other / review,2.0,Data Analyst,2026-10-05,2026-10-06,58322.85,58322.85,unspecified,True,Not stated,Stakeholder communication,1.0,Adzuna API,False
5912191453,Data Engineer,Jacobs,"Glasgow, Scotland",Scotland,Other / review,2.0,Data Analyst,2026-10-05,2026-10-06,57458.62,57458.62,unspecified,True,Not stated,Stakeholder communication,1.0,Adzuna API,False
5912191470,Senior Data Engineer,Jacobs,"Glasgow, Scotland",Scotland,Other / review,2.0,Data Analyst,2026-10-05,2026-10-06,61924.69,61924.69,unspecified,True,Not stated,Stakeholder communication,1.0,Adzuna API,False
5912191478,Senior Data Engineer,Jacobs,"London, UK",London,Other / review,2.0,Data Analyst,2026-10-05,2026-10-06,66990.34,66990.34,unspecified,True,Not stated,Stakeholder communication,1.0,Adzuna API,False
5912191414,Data Engineer,Jacobs,"Manchester, Greater Manchester",North West,Other / review,2.0,Data Analyst,2026-10-05,2026-10-06,58738.92,58738.92,unspecified,True,Not stated,Stakeholder communication,1.0,Adzuna API,False
5912191425,Data Engineer,Jacobs,"London, UK",London,Other / review,2.0,Data Analyst,2026-10-05,2026-10-06,62158.99,62158.99,unspecified,True,Not stated,Stakeholder communication,1.0,Adzuna API,False
5912191403,Senior Data Engineer,Jacobs,"Bristol, South West England",South West,Other / review,2.0,Data Analyst,2026-10-05,2026-10-06,62855.91,62855.91,unspecified,True,Not stated,Stakeholder communication,1.0,Adzuna API,False
5912191407,Senior Data Engineer,Jacobs,"Manchester, Greater Manchester",North West,Other / review,2.0,Data Analyst,2026-10-05,2026-10-06,63304.56,63304.56,unspecified,True,Not stated,Stakeholder communication,1.0,Adzuna API,False
5912191034,Senior / Principal Energy Consultant - Energy Advisory (UK-Wide),Jacobs,"Glasgow, Scotland",Scotland,Other / review,2.0,Data Analyst,2026-10-05,2026-10-06,59498.92,59498.92,unspecified,True,Not stated,,1.0,Adzuna API,False
5912191054,Senior / Principal Energy Consultant - Energy Advisory (UK-Wide),Jacobs,"Birmingham, West Midlands",West Midlands,Other / review,2.0,Data Analyst,2026-10-05,2026-10-06,60526.39,60526.39,unspecified,True,Not stated,,1.0,Adzuna API,False
5912191030,Senior / Principal Energy Consultant - Energy Advisory (UK-Wide),Jacobs,"Bristol, South West England",South West,Other / review,2.0,Data Analyst,2026-10-05,2026-10-06,60393.6,60393.6,unspecified,True,Not stated,,1.0,Adzuna API,False
5913584185,Principal Business Intelligence Analyst,Medtronic,"Watford, Hertfordshire",East of England,BI Analyst,2.0,BI Analyst,2026-10-06,2026-10-06,58320,87480,unspecified,True,Not stated,,1.0,Adzuna API,False
5911489320,Senior Business Intelligence and Insights Analyst,Coventry City Council,UK,Unclassified,BI Analyst,2.0,BI Analyst,2026-10-04,2026-10-06,40444,47665,unspecified,True,Not stated,,1.0,Adzuna API,False
5911258433,UK_Business Intelligence Analyst,Celltrion Group,UK,Unclassified,BI Analyst,2.0,BI Analyst,2026-10-04,2026-10-06,44621.32,44621.32,unspecified,True,Not stated,,1.0,Adzuna API,False
5910739341,AI & Data Analytics Consultant,U.S. Bank,"London, UK",London,Other / review,2.0,BI Analyst,2026-10-04,2026-10-06,63185.14,63185.14,unspecified,True,Not stated,,1.0,Adzuna API,False
5909874071,Business Intelligence Analyst,Succession Wealth,"Lozells, Birmingham",West Midlands,BI Analyst,2.0,BI Analyst,2026-10-03,2026-10-06,104000,117000,unspecified,True,contract,,1.0,Adzuna API,False
5909872451,Business Intelligence Analyst,Convergence Group,"Blythe Valley Park, Shirley",West Midlands,BI Analyst,2.0,BI Analyst,2026-10-03,2026-10-06,45000,52000,unspecified,True,permanent,,1.0,Adzuna API,False
5909698441,Business Intelligence Analyst,Trayport,"London, UK",London,BI Analyst,2.0,BI Analyst,2026-10-03,2026-10-06,77154.7,77154.7,unspecified,True,Not stated,Stakeholder communication,1.0,Adzuna API,False
5909680326,AI & Data Analytics Consultant,U.S. Bank,"London, UK",London,Other / review,2.0,BI Analyst,2026-10-03,2026-10-06,63185.14,63185.14,unspecified,True,Not stated,,1.0,Adzuna API,False
5909227396,Finance/Business Analyst Internship,The Opportunity Hub UK,"Surrey, South East England",South East,Other analyst,2.0,BI Analyst,2026-10-03,2026-10-06,25000,25000,unspecified,True,permanent,,1.0,Adzuna API,False
5909114738,Placement Student- Business Development Support Specialist,Cummins Inc.,"Sandwich, Kent",South East,Other / review,2.0,BI Analyst,2026-10-03,2026-10-06,35843.02,35843.02,unspecified,True,Not stated,,1.0,Adzuna API,False
5908984870,Senior Database and Analytics Developer,Civic Recruitment Limited,UK,Unclassified,Other / review,2.0,BI Analyst,2026-10-03,2026-10-06,56299.36,56299.36,hourly,True,contract,,1.0,Adzuna API,False
5908625513,Data & Insights Analyst – Warwickshire - 12 month FTC,MYO Talent,"Warwickshire, West Midlands",West Midlands,Other analyst,2.0,BI Analyst|MI Analyst,2026-10-02,2026-10-06,40000,50000,weekly,True,contract,Power BI|Excel|Stakeholder communication,1.0,Adzuna API,False
5908189391,Data & Performance Analyst,Venn Group,"London, UK",London,Other analyst,2.0,BI Analyst,2026-10-02,2026-10-06,40000,50000,annual,True,contract,SQL|Power BI,1.0,Adzuna API,False
5907993156,Business Intelligence and Insights Analyst,Coventry City Council,UK,Unclassified,BI Analyst,2.0,BI Analyst,2026-10-02,2026-10-06,34811,41177,unspecified,True,Not stated,,1.0,Adzuna API,False
5907680597,Placement Student- Business Development Support Specialist,Cummins,"Sandwich, Kent",South East,Other / review,2.0,BI Analyst,2026-10-02,2026-10-06,36263.87,36263.87,unspecified,True,Not stated,,1.0,Adzuna API,False
5906429890,Trainee Data Analyst,Ad Warrior Ltd,"Glasgow, Scotland",Scotland,Data Analyst,2.0,BI Analyst,2026-10-02,2026-10-06,30000,80000,annual,True,Not stated,,1.0,Adzuna API,False
5906429837,Trainee Business Analyst,Ad Warrior Ltd,"Westerfield, Ipswich",East of England,Other analyst,2.0,BI Analyst,2026-10-02,2026-10-06,28000,80000,annual,True,Not stated,,1.0,Adzuna API,False
5906429834,Trainee Data Analyst,Ad Warrior Ltd,"Mynyddislwyn, Newport",Wales,Data Analyst,2.0,BI Analyst,2026-10-02,2026-10-06,30000,80000,annual,True,Not stated,,1.0,Adzuna API,False
5906429846,Trainee Data Analyst,Ad Warrior Ltd,"Hillhouse, Huddersfield",Yorkshire and the Humber,Data Analyst,2.0,BI Analyst,2026-10-02,2026-10-06,30000,80000,annual,True,Not stated,,1.0,Adzuna API,False
5906429853,Trainee Data Analyst,Ad Warrior Ltd,"Porters Wood, St. Albans",East of England,Data Analyst,2.0,BI Analyst,2026-10-02,2026-10-06,30000,80000,annual,True,Not stated,,1.0,Adzuna API,False
5906429849,Trainee Data Analyst,Ad Warrior Ltd,"Wimbledon, South West London",London,Data Analyst,2.0,BI Analyst,2026-10-02,2026-10-06,30000,80000,annual,True,Not stated,,1.0,Adzuna API,False
5906429882,Trainee Data Analyst,Ad Warrior Ltd,"Eastwick, Harlow",East of England,Data Analyst,2.0,BI Analyst,2026-10-02,2026-10-06,30000,80000,annual,True,Not stated,,1.0,Adzuna API,False
5906429845,Trainee Data Analyst,Ad Warrior Ltd,"Belmont, Sutton",London,Data Analyst,2.0,BI Analyst,2026-10-02,2026-10-06,30000,80000,annual,True,Not stated,,1.0,Adzuna API,False
5906429839,Trainee Business Analyst,Ad Warrior Ltd,"Garden Village, Hull",Yorkshire and the Humber,Other analyst,2.0,BI Analyst,2026-10-02,2026-10-06,28000,80000,annual,True,Not stated,,1.0,Adzuna API,False
5906429843,Trainee Business Analyst,Ad Warrior Ltd,"Ealing, West London",London,Other analyst,2.0,BI Analyst,2026-10-02,2026-10-06,28000,80000,annual,True,Not stated,,1.0,Adzuna API,False
5906429869,Trainee Business Analyst,Ad Warrior Ltd,"Pride Park, Derby",East Midlands,Other analyst,2.0,BI Analyst,2026-10-02,2026-10-06,28000,80000,annual,True,Not stated,,1.0,Adzuna API,False
5906429818,Trainee Business Analyst,Ad Warrior Ltd,"Westfield, Hastings",South East,Other analyst,2.0,BI Analyst,2026-10-02,2026-10-06,28000,80000,annual,True,Not stated,,1.0,Adzuna API,False
5906429801,Trainee Business Analyst,Ad Warrior Ltd,"Archway, North London",London,Other analyst,2.0,BI Analyst,2026-10-02,2026-10-06,28000,80000,annual,True,Not stated,,1.0,Adzuna API,False
5906429810,Trainee Business Analyst,Ad Warrior Ltd,"Lillington, Leamington Spa",West Midlands,Other analyst,2.0,BI Analyst,2026-10-02,2026-10-06,28000,80000,annual,True,Not stated,,1.0,Adzuna API,False
5906429825,Trainee Data Analyst,Ad Warrior Ltd,"St. Peters, Broadstairs",South East,Data Analyst,2.0,BI Analyst,2026-10-02,2026-10-06,30000,80000,annual,True,Not stated,,1.0,Adzuna API,False
5906429813,Trainee Data Analyst,Ad Warrior Ltd,"Birchills, Walsall",West Midlands,Data Analyst,2.0,BI Analyst,2026-10-02,2026-10-06,30000,80000,annual,True,Not stated,,1.0,Adzuna API,False
5906429802,Trainee Business Analyst,Ad Warrior Ltd,"Holgate, York",Yorkshire and the Humber,Other analyst,2.0,BI Analyst,2026-10-02,2026-10-06,28000,80000,annual,True,Not stated,,1.0,Adzuna API,False
5906429809,Trainee Business Analyst,Ad Warrior Ltd,"The Collon, Londonderry",Northern Ireland,Other analyst,2.0,BI Analyst,2026-10-02,2026-10-06,28000,80000,annual,True,Not stated,,1.0,Adzuna API,False
5906429823,Trainee Data Analyst,Ad Warrior Ltd,"Westminster, South West London",London,Data Analyst,2.0,BI Analyst,2026-10-02,2026-10-06,30000,80000,annual,True,Not stated,,1.0,Adzuna API,False
5906429808,Trainee Business Analyst,Ad Warrior Ltd,"Sneinton, Nottingham",East Midlands,Other analyst,2.0,BI Analyst,2026-10-02,2026-10-06,28000,80000,annual,True,Not stated,,1.0,Adzuna API,False
5906429822,Trainee Business Analyst,Ad Warrior Ltd,"Cliddesden, Basingstoke",South East,Other analyst,2.0,BI Analyst,2026-10-02,2026-10-06,28000,80000,annual,True,Not stated,,1.0,Adzuna API,False
5906274409,Performance Analyst,Reed,"London, UK",London,Other analyst,2.0,BI Analyst|MI Analyst,2026-10-01,2026-10-06,87620,114400,unspecified,True,contract,,1.0,Adzuna API,False
5906272890,Business Intelligence Analyst,Elevate Recruitment Limited,"London, UK",London,BI Analyst,2.0,BI Analyst,2026-10-01,2026-10-06,40000,50000,unspecified,True,permanent,,1.0,Adzuna API,False
5906272368,"Finance Systems Analyst (PowerBI, AI & Automation)",Michael Page Technology,"Northampton, Northamptonshire",East Midlands,Other analyst,2.0,BI Analyst,2026-10-01,2026-10-06,35000,50000,unspecified,True,Not stated,Power BI,1.0,Adzuna API,False
5906045041,International Sales and Market Analyst,Elix Sourcing Solutions,"Bristol, South West England",South West,Other analyst,2.0,BI Analyst,2026-10-01,2026-10-06,26000,28000,unspecified,True,contract,,1.0,Adzuna API,False
5905754690,Data Analyst Placement Programme,Ad Warrior Ltd,"Maney, Sutton Coldfield",West Midlands,Data Analyst,2.0,BI Analyst,2026-10-01,2026-10-06,30000,80000,annual,True,Not stated,,1.0,Adzuna API,False
5905754668,Data Analyst Placement Programme,Ad Warrior Ltd,"East London, London",London,Data Analyst,2.0,BI Analyst,2026-10-01,2026-10-06,30000,80000,annual,True,Not stated,,1.0,Adzuna API,False
5905754618,Business Analyst Placement Programme,Ad Warrior Ltd,"Coton, Nuneaton",West Midlands,Other analyst,2.0,BI Analyst,2026-10-01,2026-10-06,28000,80000,annual,True,Not stated,,1.0,Adzuna API,False
5905754640,Business Analyst Placement Programme,Ad Warrior Ltd,"Heyside, Royton",North West,Other analyst,2.0,BI Analyst,2026-10-01,2026-10-06,28000,80000,annual,True,Not stated,,1.0,Adzuna API,False
5905754655,Business Analyst Placement Programme,Ad Warrior Ltd,"Lyme Green, Macclesfield",North West,Other analyst,2.0,BI Analyst,2026-10-01,2026-10-06,28000,80000,annual,True,Not stated,,1.0,Adzuna API,False
5905754627,Business Analyst Placement Programme,Ad Warrior Ltd,"Stonehouse, Plymouth",South West,Other analyst,2.0,BI Analyst,2026-10-01,2026-10-06,28000,80000,annual,True,Not stated,,1.0,Adzuna API,False
5905754616,Business Analyst Placement Programme,Ad Warrior Ltd,"South Shields, Tyne & Wear",North East,Other analyst,2.0,BI Analyst,2026-10-01,2026-10-06,28000,80000,annual,True,Not stated,,1.0,Adzuna API,False
5905754659,Data Analyst Placement Programme,Ad Warrior Ltd,"Chadwell Heath, Romford",East of England,Data Analyst,2.0,BI Analyst,2026-10-01,2026-10-06,30000,80000,annual,True,Not stated,,1.0,Adzuna API,False
5905754645,Business Analyst Placement Programme,Ad Warrior Ltd,"Branston, Burton-On-Trent",West Midlands,Other analyst,2.0,BI Analyst,2026-10-01,2026-10-06,28000,80000,annual,True,Not stated,,1.0,Adzuna API,False
5905754642,Data Analyst Placement Programme,Ad Warrior Ltd,"London Fields, East London",London,Data Analyst,2.0,BI Analyst,2026-10-01,2026-10-06,30000,80000,annual,True,Not stated,,1.0,Adzuna API,False
5905754628,Business Analyst Placement Programme,Ad Warrior Ltd,"Catford, South East London",London,Other analyst,2.0,BI Analyst,2026-10-01,2026-10-06,28000,80000,annual,True,Not stated,,1.0,Adzuna API,False
5905754676,Data Analyst Placement Programme,Ad Warrior Ltd,"Barn Hill, North West London",London,Data Analyst,2.0,BI Analyst,2026-10-01,2026-10-06,30000,80000,annual,True,Not stated,,1.0,Adzuna API,False
5905754631,Data Analyst Placement Programme,Ad Warrior Ltd,"Beddington, Croydon",London,Data Analyst,2.0,BI Analyst,2026-10-01,2026-10-06,30000,80000,annual,True,Not stated,,1.0,Adzuna API,False
5905754617,Business Analyst Placement Programme,Ad Warrior Ltd,"Belgrave, Leicester",East Midlands,Other analyst,2.0,BI Analyst,2026-10-01,2026-10-06,28000,80000,annual,True,Not stated,,1.0,Adzuna API,False
5905754665,Business Analyst Placement Programme,Ad Warrior Ltd,"Somers Town, North West London",London,Other analyst,2.0,BI Analyst,2026-10-01,2026-10-06,28000,80000,annual,True,Not stated,,1.0,Adzuna API,False
5905754654,Data Analyst Placement Programme,Ad Warrior Ltd,"Ocean Village, Southampton",South East,Data Analyst,2.0,BI Analyst,2026-10-01,2026-10-06,30000,80000,annual,True,Not stated,,1.0,Adzuna API,False
5905754660,Data Analyst Placement Programme,Ad Warrior Ltd,"Bracebridge, Lincoln",East Midlands,Data Analyst,2.0,BI Analyst,2026-10-01,2026-10-06,30000,80000,annual,True,Not stated,,1.0,Adzuna API,False
5905754621,Data Analyst Placement Programme,Ad Warrior Ltd,"Woodston, Peterborough",Unclassified,Data Analyst,2.0,BI Analyst,2026-10-01,2026-10-06,30000,80000,annual,True,Not stated,,1.0,Adzuna API,False
5905754682,Data Analyst Placement Programme,Ad Warrior Ltd,"Preston, Brighton",South East,Data Analyst,2.0,BI Analyst,2026-10-01,2026-10-06,30000,80000,annual,True,Not stated,,1.0,Adzuna API,False
5905754614,Business Analyst Placement Programme,Ad Warrior Ltd,"Telford, Shropshire",West Midlands,Other analyst,2.0,BI Analyst,2026-10-01,2026-10-06,28000,80000,annual,True,Not stated,,1.0,Adzuna API,False
5905754611,Business Analyst Placement Programme,Ad Warrior Ltd,"Bobbing, Sittingbourne",South East,Other analyst,2.0,BI Analyst,2026-10-01,2026-10-06,28000,80000,annual,True,Not stated,,1.0,Adzuna API,False
5904452947,Business Intelligence Analyst,Eaton Corporation,"Slough, Berkshire",South East,BI Analyst,2.0,BI Analyst,2026-10-01,2026-10-06,47746.48,47746.48,unspecified,True,Not stated,Stakeholder communication,1.0,Adzuna API,False
5904452901,Business Intelligence Analyst,Eaton Corporation,UK,Unclassified,BI Analyst,2.0,BI Analyst,2026-10-01,2026-10-06,48533.96,48533.96,unspecified,True,Not stated,Stakeholder communication,1.0,Adzuna API,False
5904274960,Data & Insights Analyst Warwickshire - 12 month FTC,MYO Talent,"Stratford-Upon-Avon, Warwickshire",West Midlands,Other analyst,2.0,BI Analyst|MI Analyst,2026-09-30,2026-10-06,50000,50000,weekly,True,contract,Power BI|Excel|Stakeholder communication,1.0,Adzuna API,False
5904269628,Intelligence & Impact Analyst,Civic Recruitment Limited,"Farringdon, Central London",London,Other analyst,2.0,BI Analyst,2026-09-30,2026-10-06,65680.48,65680.48,hourly,True,contract,Power BI,1.0,Adzuna API,False
5904201280,Graduate Buisness intelligence Analyst,Axiom Global Limited,"Belfast, Northern Ireland",Northern Ireland,Other analyst,2.0,BI Analyst,2026-09-30,2026-10-06,30000,30000,unspecified,True,Not stated,,1.0,Adzuna API,False
5904201246,Junior SQL Developer,MCS Group,"Belfast, Northern Ireland",Northern Ireland,Other / review,2.0,BI Analyst|MI Analyst,2026-09-30,2026-10-06,35000,35000,unspecified,True,contract,SQL,1.0,Adzuna API,False
5904181818,Data Analyst Placement Programme – No Experience Needed,IT Online Learning,"Liverpool, Merseyside",North West,Data Analyst,2.0,BI Analyst,2026-09-30,2026-10-06,65000,65000,annual,True,contract,,1.0,Adzuna API,False
5904107134,"Finance Systems Analyst (PowerBI, AI & Automation)",Michael Page,"Holcot, Northampton",East Midlands,Other analyst,2.0,BI Analyst,2026-09-30,2026-10-06,35000,50000,unspecified,True,Not stated,Power BI,1.0,Adzuna API,False
5903992619,Systems & MI Lead,Evri,"West Midlands, UK",West Midlands,Other / review,2.0,BI Analyst,2026-09-30,2026-10-06,59999,59999,unspecified,True,contract,,1.0,Adzuna API,False
5903989257,Data Analyst Placement Programme – No Experience Needed,IT Online Learning,"Birmingham, West Midlands",West Midlands,Data Analyst,2.0,BI Analyst,2026-09-30,2026-10-06,65000,65000,annual,True,contract,,1.0,Adzuna API,False
5903981133,Data Analyst Placement Programme – No Experience Needed,IT Online Learning,"Sheffield, South Yorkshire",Yorkshire and the Humber,Data Analyst,2.0,BI Analyst,2026-09-30,2026-10-06,65000,65000,annual,True,contract,,1.0,Adzuna API,False
5903981132,Data Analyst Placement Programme – No Experience Needed,IT Online Learning,"Leeds, West Yorkshire",Yorkshire and the Humber,Data Analyst,2.0,BI Analyst,2026-09-30,2026-10-06,65000,65000,annual,True,contract,,1.0,Adzuna API,False
5903981129,Data Analyst Placement Programme – No Experience Needed,IT Online Learning,"Glasgow, Scotland",Scotland,Data Analyst,2.0,BI Analyst,2026-09-30,2026-10-06,65000,65000,annual,True,contract,,1.0,Adzuna API,False
5903981127,Data Architect,Essential Employment,"Riseholme, Lincoln",East Midlands,Other / review,2.0,BI Analyst,2026-09-30,2026-10-06,63003,84468,unspecified,True,contract,,1.0,Adzuna API,False
5903981136,Data Analyst Placement Programme – No Experience Needed,IT Online Learning,"Manchester, Greater Manchester",North West,Data Analyst,2.0,BI Analyst,2026-09-30,2026-10-06,65000,65000,annual,True,contract,,1.0,Adzuna API,False
5903971965,Data Analyst Placement Programme – No Experience Needed,IT Online Learning,"Cardiff County, Wales",Wales,Data Analyst,2.0,BI Analyst,2026-09-30,2026-10-06,65000,65000,annual,True,contract,,1.0,Adzuna API,False
5903971944,Data Analyst Placement Programme – No Experience Needed,IT Online Learning,"Bristol, South West England",South West,Data Analyst,2.0,BI Analyst,2026-09-30,2026-10-06,65000,65000,annual,True,contract,,1.0,Adzuna API,False
5903971950,Data Analyst Placement Programme – No Experience Needed,IT Online Learning,"Edinburgh, Scotland",Scotland,Data Analyst,2.0,BI Analyst,2026-09-30,2026-10-06,65000,65000,annual,True,contract,,1.0,Adzuna API,False
5903639631,Business Intelligence Analyst,Borough of Lewisham,"London, UK",London,BI Analyst,2.0,BI Analyst,2026-09-30,2026-10-06,50778,52920,unspecified,True,contract,Power BI,1.0,Adzuna API,False
5903625698,"Senior Analyst Relations Manager, Europe",Acronis,UK,Unclassified,Other analyst,2.0,BI Analyst,2026-09-30,2026-10-06,79659.21,79659.21,unspecified,True,Not stated,,1.0,Adzuna API,False
5903437750,Business Intelligence Analyst,Sportradar,"London, UK",London,BI Analyst,2.0,BI Analyst,2026-09-30,2026-10-06,53219.66,53219.66,unspecified,True,Not stated,,1.0,Adzuna API,False
5903437427,Business Intelligence Analyst,Sportradar,"London, UK",London,BI Analyst,2.0,BI Analyst,2026-09-30,2026-10-06,55896.41,55896.41,unspecified,True,Not stated,,1.0,Adzuna API,False
5903047610,Business Intelligence Analyst,Osborne Appointments,"Cambridgeshire, Eastern England",East of England,BI Analyst,2.0,BI Analyst,2026-09-29,2026-10-06,38000,45000,weekly,True,Not stated,Stakeholder communication,1.0,Adzuna API,False
5901617838,Commercial Data & Insight Analyst - EMEA,TTI,"Maidenhead, Windsor & Maidenhead",South East,Other analyst,2.0,BI Analyst,2026-09-28,2026-10-06,59302.4,59302.4,unspecified,True,Not stated,,1.0,Adzuna API,False
5900643599,Salesforce Developer,GoCardless,"Leeds, West Yorkshire",Yorkshire and the Humber,Other / review,2.0,BI Analyst,2026-09-27,2026-10-06,36000,54000,annual,True,Not stated,,1.0,Adzuna API,False
5898685007,Finance Business Intelligence Analyst,Arden Personnel,"North Piddle, Grafton Flyford",West Midlands,BI Analyst,2.0,BI Analyst,2026-09-25,2026-10-06,78000,104000,unspecified,True,contract,,1.0,Adzuna API,False
5897300225,Senior Business Intelligence Analyst,Hays Specialist Recruitment Limited,"Newcastle Upon Tyne, Tyne & Wear",North East,BI Analyst,2.0,BI Analyst,2026-09-24,2026-10-06,47000,57000,unspecified,True,permanent,,1.0,Adzuna API,False
5897281841,BI BA – Business Analyst with Business Intelligence (IT),Nexus Jobs Limited,UK,Unclassified,BI Analyst,2.0,BI Analyst,2026-09-24,2026-10-06,450,450,unspecified,True,contract,Power BI,1.0,Adzuna API,False
5896927591,Business Intelligence Associate,DTCC,"Broadgate, Central London",London,Other / review,2.0,BI Analyst,2026-09-24,2026-10-06,63272.69,63272.69,unspecified,True,Not stated,,1.0,Adzuna API,False
5896915046,Senior Business Intelligence Analyst,Hill Dickinson,"Liverpool, Merseyside",North West,BI Analyst,2.0,BI Analyst,2026-09-24,2026-10-06,46287.01,46287.01,weekly,True,Not stated,,1.0,Adzuna API,False
5894389362,Business Intelligence and Data Analytics Officer,Civic Recruitment Limited,"Deptford, South East London",London,Other / review,2.0,BI Analyst|MI Analyst,2026-09-22,2026-10-06,46721.91,46721.91,hourly,True,contract,,1.0,Adzuna API,False
5894312878,Summer Intern Business Analyst,Hackajob Ltd,"South West London, London",London,Other analyst,2.0,BI Analyst,2026-09-22,2026-10-06,40970.14,40970.14,weekly,True,contract,,1.0,Adzuna API,False
5893969492,Senior Business Intelligence Analyst,Focus Group,"Shoreham-By-Sea, West Sussex",South East,BI Analyst,2.0,BI Analyst,2026-09-22,2026-10-06,45000,50000,weekly,True,Not stated,,1.0,Adzuna API,False
5892232133,Graduate Business Delivery Analyst,Northrop Grumman,"Cheltenham, Gloucestershire",South West,Other analyst,2.0,BI Analyst,2026-09-21,2026-10-06,33463.8,33463.8,unspecified,True,Not stated,,1.0,Adzuna API,False
5891561383,Business Analyst,Alfred H Knight Group,"Knowsley Park, Prescot",North West,Other analyst,2.0,BI Analyst,2026-09-20,2026-10-06,50974.65,50974.65,weekly,True,Not stated,,1.0,Adzuna API,False
5908095660,Business Development,Aimee Willow Connex Limited,"Warrington, Cheshire",North West,Other / review,2.0,MI Analyst,2026-10-02,2026-10-06,46859.57,46859.57,monthly,True,Not stated,,1.0,Adzuna API,False
5904108249,Head of Sales,Aimee Willow Connex Ltd,"Lowton, Warrington",North West,Other / review,2.0,MI Analyst,2026-09-30,2026-10-06,60000,80000,monthly,True,Not stated,,1.0,Adzuna API,False
5904036554,Head of Sales,Aimee Willow Connex,"Warrington, Cheshire",North West,Other / review,2.0,MI Analyst,2026-09-30,2026-10-06,60000,80000,monthly,True,Not stated,,1.0,Adzuna API,False
5903636254,Business Analyst,CFC,"Liverpool Street, Central London",London,Other analyst,2.0,MI Analyst,2026-09-30,2026-10-06,58052.66,58052.66,unspecified,True,Not stated,Stakeholder communication,1.0,Adzuna API,False
5897281862,MI Analyst - Banking (IT),Nexus Jobs Limited,"The City, Central London",London,MI Analyst,2.0,MI Analyst,2026-09-24,2026-10-06,60000,60000,unspecified,True,permanent,SQL,1.0,Adzuna API,False
5897281856,MI Analyst with MS SQL Server (IT),Nexus Jobs Limited,"London, UK",London,MI Analyst,2.0,MI Analyst,2026-09-24,2026-10-06,50000,50000,annual,True,permanent,SQL,1.0,Adzuna API,False
5896925677,MI Analyst,Computershare,"Edinburgh, Scotland",Scotland,MI Analyst,2.0,MI Analyst,2026-09-24,2026-10-06,45160.78,45160.78,weekly,True,Not stated,,1.0,Adzuna API,False
5895232702,COG Actuarial Insights and Project Lead,Chubb,"London, UK",London,Other / review,2.0,MI Analyst,2026-09-23,2026-10-06,40015,40015,unspecified,True,Not stated,,1.0,Adzuna API,False
5895205736,Data Roles,Sanderson Government and Defence,"London, UK",London,Other / review,2.0,MI Analyst,2026-09-23,2026-10-06,56809.85,56809.85,weekly,True,contract,,1.0,Adzuna API,False
5894337297,MI Analyst / Business Analyst,Arc IT Recruitment,"London, UK",London,MI Analyst,2.0,MI Analyst,2026-09-22,2026-10-06,60000,65000,unspecified,True,contract,Stakeholder communication,1.0,Adzuna API,False
5894314167,"SC Cleared Data Analyst Power BI, SQL, MI, Remote  Midlands visits",Nova Source Technologies,UK,Unclassified,BI Analyst,2.0,MI Analyst,2026-09-22,2026-10-06,50000,50000,unspecified,True,Not stated,SQL|Power BI,1.0,Adzuna API,False
5893454873,Risk Data Analyst,NFU Mutual,"Stratford-Upon-Avon, Warwickshire",West Midlands,Data Analyst,2.0,MI Analyst,2026-09-22,2026-10-06,0,40000,unspecified,True,Not stated,,1.0,Adzuna API,False
5892842605,Business Systems Support,XIST4 IT Recruitment Ltd,"Bristol, South West England",South West,Other / review,2.0,MI Analyst,2026-09-21,2026-10-06,50000,55000,weekly,True,Not stated,Power BI,1.0,Adzuna API,False
5881111383,MI Analyst,CMS Cameron McKenna Nabarro Olswang,"Bristol, South West England",South West,MI Analyst,2.0,MI Analyst,2026-09-12,2026-10-06,42933.76,42933.76,monthly,True,Not stated,,1.0,Adzuna API,False
