posting_id,title,employer,location,region,role_family,role_taxonomy_version,matched_search_families,posted_date,retrieved_on,salary_min,salary_max,salary_period,salary_is_predicted,contract_type,skills,skill_taxonomy_version,source,is_synthetic
DEMO-001,Data Analyst,Example Employer A,"Preston, North West",North West,Data Analyst,2.0,Data Analyst,2025-10-02,2026-09-29,14.5,19.5,hourly,false,Permanent,SQL|Excel|Power BI,1.0,Fictional preview data,true
DEMO-002,Power BI Analyst,Example Employer B,"Coventry, West Midlands",West Midlands,BI Analyst,2.0,BI Analyst,2025-10-07,2026-09-29,28000,36000,annual,false,Permanent,SQL|Tableau|Python,1.0,Fictional preview data,true
DEMO-003,Management Information Analyst,Example Employer C,"Cambridge, East of England",East of England,MI Analyst,2.0,MI Analyst,2025-10-12,2026-09-29,30000,39000,annual,false,Permanent,Excel|DAX|Power BI,1.0,Fictional preview data,true
DEMO-004,Senior Data Analyst,Example Employer D,"Derry, Northern Ireland",Northern Ireland,Data Analyst,2.0,Data Analyst,2025-10-17,2026-09-29,32000,42000,annual,false,Permanent,Excel|SQL|Python,1.0,Fictional preview data,true
DEMO-005,Power BI Analyst,Example Employer E,"Brighton, South East",South East,BI Analyst,2.0,BI Analyst,2025-10-22,2026-09-29,34000,41000,annual,false,Permanent,SQL|Microsoft Fabric|Azure|Power BI,1.0,Fictional preview data,true
DEMO-006,Power BI Analyst,Example Employer F,"Norwich, East of England",East of England,BI Analyst,2.0,BI Analyst,2025-11-02,2026-09-29,,,unspecified,false,Permanent,SQL|Tableau|Python,1.0,Fictional preview data,true
DEMO-007,Management Information Analyst,Example Employer G,"Belfast, Northern Ireland",Northern Ireland,MI Analyst,2.0,MI Analyst,2025-11-07,2026-09-29,38000,47000,annual,false,Permanent,Excel|DAX|Power BI,1.0,Fictional preview data,true
DEMO-008,Junior Data Analyst,Example Employer H,"Brighton, South East",South East,Data Analyst,2.0,Data Analyst,2025-11-12,2026-09-29,40000,50000,annual,false,Permanent,Excel|SQL|Python,1.0,Fictional preview data,true
DEMO-009,Power BI Analyst,Example Employer I,"Leeds, Yorkshire and the Humber",Yorkshire and the Humber,BI Analyst,2.0,BI Analyst,2025-11-17,2026-09-29,42000,49000,annual,false,Permanent,SQL|Microsoft Fabric|Azure|Power BI,1.0,Fictional preview data,true
DEMO-010,Management Information Analyst,Example Employer J,"Exeter, South West",South West,MI Analyst,2.0,MI Analyst,2025-11-22,2026-09-29,26000,34000,annual,false,Permanent,SQL|Power BI|DAX|Power Query,1.0,Fictional preview data,true
DEMO-011,Management Information Analyst,Example Employer A,"Brighton, South East",South East,MI Analyst,2.0,MI Analyst,2025-12-02,2026-09-29,14.5,19.5,hourly,false,Permanent,Excel|DAX|Power BI,1.0,Fictional preview data,true
DEMO-012,Data Analyst,Example Employer B,"Sheffield, Yorkshire and the Humber",Yorkshire and the Humber,Data Analyst,2.0,Data Analyst,2025-12-07,2026-09-29,30000,40000,annual,false,Permanent,Excel|SQL|Python,1.0,Fictional preview data,true
DEMO-013,Power BI Analyst,Example Employer C,"Bristol, South West",South West,BI Analyst,2.0,BI Analyst,2025-12-12,2026-09-29,32000,39000,annual,false,Permanent,SQL|Microsoft Fabric|Azure|Power BI,1.0,Fictional preview data,true
DEMO-014,Management Information Analyst,Example Employer D,"London, London",London,MI Analyst,2.0,MI Analyst,2025-12-17,2026-09-29,34000,42000,annual,false,Permanent,SQL|Power BI|DAX|Power Query,1.0,Fictional preview data,true
DEMO-015,Senior Data Analyst,Example Employer E,"Glasgow, Scotland",Scotland,Data Analyst,2.0,Data Analyst,2025-12-22,2026-09-29,36000,45000,annual,false,Permanent,Excel|Power BI|Stakeholder communication,1.0,Fictional preview data,true
DEMO-016,Reporting Analyst,Example Employer F,"Exeter, South West",South West,Other analyst,2.0,Data Analyst,2026-01-02,2026-09-29,,,unspecified,false,Permanent,Excel|SQL|Python,1.0,Fictional preview data,true
DEMO-017,Power BI Analyst,Example Employer G,"London, London",London,BI Analyst,2.0,BI Analyst,2026-01-07,2026-09-29,40000,47000,annual,false,Permanent,SQL|Microsoft Fabric|Azure|Power BI,1.0,Fictional preview data,true
DEMO-018,Management Information Analyst,Example Employer H,"Edinburgh, Scotland",Scotland,MI Analyst,2.0,MI Analyst,2026-01-12,2026-09-29,42000,50000,annual,false,Permanent,SQL|Power BI|DAX|Power Query,1.0,Fictional preview data,true
DEMO-019,Junior Data Analyst,Example Employer I,"Cardiff, Wales",Wales,Data Analyst,2.0,Data Analyst,2026-01-17,2026-09-29,26000,35000,annual,false,Permanent,Excel|Power BI|Stakeholder communication,1.0,Fictional preview data,true
DEMO-020,Power BI Analyst,Example Employer J,"Manchester, North West",North West,BI Analyst,2.0,BI Analyst,2026-01-22,2026-09-29,28000,38000,annual,false,Permanent,SQL|Excel|Power BI,1.0,Fictional preview data,true
DEMO-021,Power BI Analyst,Example Employer A,"Glasgow, Scotland",Scotland,BI Analyst,2.0,BI Analyst,2026-02-02,2026-09-29,14.5,19.5,hourly,false,Permanent,SQL|Microsoft Fabric|Azure|Power BI,1.0,Fictional preview data,true
DEMO-022,Management Information Analyst,Example Employer B,"Swansea, Wales",Wales,MI Analyst,2.0,MI Analyst,2026-02-07,2026-09-29,32000,40000,annual,false,Permanent,SQL|Power BI|DAX|Power Query,1.0,Fictional preview data,true
DEMO-023,Data Analyst,Example Employer C,"Manchester, North West",North West,Data Analyst,2.0,Data Analyst,2026-02-12,2026-09-29,34000,43000,annual,false,Permanent,Excel|Power BI|Stakeholder communication,1.0,Fictional preview data,true
DEMO-024,Power BI Analyst,Example Employer D,"Coventry, West Midlands",West Midlands,BI Analyst,2.0,BI Analyst,2026-02-17,2026-09-29,36000,46000,annual,false,Permanent,SQL|Excel|Power BI,1.0,Fictional preview data,true
DEMO-025,Management Information Analyst,Example Employer E,"Cambridge, East of England",East of England,MI Analyst,2.0,MI Analyst,2026-02-22,2026-09-29,38000,45000,annual,false,Permanent,SQL|Tableau|Python,1.0,Fictional preview data,true
DEMO-026,Management Information Analyst,Example Employer F,"Manchester, North West",North West,MI Analyst,2.0,MI Analyst,2026-03-02,2026-09-29,,,unspecified,false,Permanent,SQL|Power BI|DAX|Power Query,1.0,Fictional preview data,true
DEMO-027,Reporting Analyst,Example Employer G,"Birmingham, West Midlands",West Midlands,Other analyst,2.0,Data Analyst,2026-03-07,2026-09-29,42000,51000,annual,false,Permanent,Excel|Power BI|Stakeholder communication,1.0,Fictional preview data,true
DEMO-028,Power BI Analyst,Example Employer H,"Norwich, East of England",East of England,BI Analyst,2.0,BI Analyst,2026-03-12,2026-09-29,26000,36000,annual,false,Permanent,SQL|Excel|Power BI,1.0,Fictional preview data,true
DEMO-029,Management Information Analyst,Example Employer I,"Belfast, Northern Ireland",Northern Ireland,MI Analyst,2.0,MI Analyst,2026-03-17,2026-09-29,28000,35000,annual,false,Permanent,SQL|Tableau|Python,1.0,Fictional preview data,true
DEMO-030,Junior Data Analyst,Example Employer J,"Southampton, South East",South East,Data Analyst,2.0,Data Analyst,2026-03-22,2026-09-29,30000,38000,annual,false,Permanent,Excel|DAX|Power BI,1.0,Fictional preview data,true
DEMO-031,Senior Data Analyst,Example Employer A,"Cambridge, East of England",East of England,Data Analyst,2.0,Data Analyst,2026-04-02,2026-09-29,14.5,19.5,hourly,false,Permanent,Excel|Power BI|Stakeholder communication,1.0,Fictional preview data,true
DEMO-032,Power BI Analyst,Example Employer B,"Derry, Northern Ireland",Northern Ireland,BI Analyst,2.0,BI Analyst,2026-04-07,2026-09-29,34000,44000,annual,false,Permanent,SQL|Excel|Power BI,1.0,Fictional preview data,true
DEMO-033,Management Information Analyst,Example Employer C,"Southampton, South East",South East,MI Analyst,2.0,MI Analyst,2026-04-12,2026-09-29,36000,43000,annual,false,Permanent,SQL|Tableau|Python,1.0,Fictional preview data,true
DEMO-034,Data Analyst,Example Employer D,"Sheffield, Yorkshire and the Humber",Yorkshire and the Humber,Data Analyst,2.0,Data Analyst,2026-04-17,2026-09-29,38000,46000,annual,false,Permanent,Excel|DAX|Power BI,1.0,Fictional preview data,true
DEMO-035,Power BI Analyst,Example Employer E,"Bristol, South West",South West,BI Analyst,2.0,BI Analyst,2026-04-22,2026-09-29,40000,49000,annual,false,Permanent,Excel|SQL|Python,1.0,Fictional preview data,true
DEMO-036,Power BI Analyst,Example Employer F,"Southampton, South East",South East,BI Analyst,2.0,BI Analyst,2026-05-02,2026-09-29,,,unspecified,false,Permanent,SQL|Excel|Power BI,1.0,Fictional preview data,true
DEMO-037,Management Information Analyst,Example Employer G,"Leeds, Yorkshire and the Humber",Yorkshire and the Humber,MI Analyst,2.0,MI Analyst,2026-05-07,2026-09-29,26000,33000,annual,false,Permanent,SQL|Tableau|Python,1.0,Fictional preview data,true
DEMO-038,Reporting Analyst,Example Employer H,"Exeter, South West",South West,Other analyst,2.0,Data Analyst,2026-05-12,2026-09-29,28000,36000,annual,false,Permanent,Excel|DAX|Power BI,1.0,Fictional preview data,true
DEMO-039,Power BI Analyst,Example Employer I,"London, London",London,BI Analyst,2.0,BI Analyst,2026-05-17,2026-09-29,30000,39000,annual,false,Permanent,Excel|SQL|Python,1.0,Fictional preview data,true
DEMO-040,Management Information Analyst,Example Employer J,"Edinburgh, Scotland",Scotland,MI Analyst,2.0,MI Analyst,2026-05-22,2026-09-29,32000,42000,annual,false,Permanent,SQL|Microsoft Fabric|Azure|Power BI,1.0,Fictional preview data,true
DEMO-041,Management Information Analyst,Example Employer A,"Bristol, South West",South West,MI Analyst,2.0,MI Analyst,2026-06-02,2026-09-29,14.5,19.5,hourly,false,Permanent,SQL|Tableau|Python,1.0,Fictional preview data,true
DEMO-042,Senior Data Analyst,Example Employer B,"London, London",London,Data Analyst,2.0,Data Analyst,2026-06-07,2026-09-29,36000,44000,annual,false,Permanent,Excel|DAX|Power BI,1.0,Fictional preview data,true
DEMO-043,Power BI Analyst,Example Employer C,"Glasgow, Scotland",Scotland,BI Analyst,2.0,BI Analyst,2026-06-12,2026-09-29,38000,47000,annual,false,Permanent,Excel|SQL|Python,1.0,Fictional preview data,true
DEMO-044,Management Information Analyst,Example Employer D,"Swansea, Wales",Wales,MI Analyst,2.0,MI Analyst,2026-06-17,2026-09-29,40000,50000,annual,false,Permanent,SQL|Microsoft Fabric|Azure|Power BI,1.0,Fictional preview data,true
DEMO-045,Data Analyst,Example Employer E,"Liverpool, North West",North West,Data Analyst,2.0,Data Analyst,2026-06-22,2026-09-29,42000,49000,annual,false,Permanent,SQL|Power BI|DAX|Power Query,1.0,Fictional preview data,true
DEMO-046,Junior Data Analyst,Example Employer F,"Edinburgh, Scotland",Scotland,Data Analyst,2.0,Data Analyst,2026-07-02,2026-09-29,,,unspecified,false,Permanent,Excel|DAX|Power BI,1.0,Fictional preview data,true
DEMO-047,Power BI Analyst,Example Employer G,"Cardiff, Wales",Wales,BI Analyst,2.0,BI Analyst,2026-07-07,2026-09-29,28000,37000,annual,false,Permanent,Excel|SQL|Python,1.0,Fictional preview data,true
DEMO-048,Management Information Analyst,Example Employer H,"Liverpool, North West",North West,MI Analyst,2.0,MI Analyst,2026-07-12,2026-09-29,30000,40000,annual,false,Permanent,SQL|Microsoft Fabric|Azure|Power BI,1.0,Fictional preview data,true
DEMO-049,Reporting Analyst,Example Employer I,"Birmingham, West Midlands",West Midlands,Other analyst,2.0,Data Analyst,2026-07-17,2026-09-29,32000,39000,annual,false,Permanent,SQL|Power BI|DAX|Power Query,1.0,Fictional preview data,true
DEMO-050,Power BI Analyst,Example Employer J,"Norwich, East of England",East of England,BI Analyst,2.0,BI Analyst,2026-07-22,2026-09-29,34000,42000,annual,false,Permanent,Excel|Power BI|Stakeholder communication,1.0,Fictional preview data,true
DEMO-051,Power BI Analyst,Example Employer A,"Liverpool, North West",North West,BI Analyst,2.0,BI Analyst,2026-08-02,2026-09-29,14.5,19.5,hourly,false,Permanent,Excel|SQL|Python,1.0,Fictional preview data,true
DEMO-052,Management Information Analyst,Example Employer B,"Coventry, West Midlands",West Midlands,MI Analyst,2.0,MI Analyst,2026-08-07,2026-09-29,38000,48000,annual,false,Permanent,SQL|Microsoft Fabric|Azure|Power BI,1.0,Fictional preview data,true
DEMO-053,Senior Data Analyst,Example Employer C,"Cambridge, East of England",East of England,Data Analyst,2.0,Data Analyst,2026-08-12,2026-09-29,40000,47000,annual,false,Permanent,SQL|Power BI|DAX|Power Query,1.0,Fictional preview data,true
DEMO-054,Power BI Analyst,Example Employer D,"Derry, Northern Ireland",Northern Ireland,BI Analyst,2.0,BI Analyst,2026-08-17,2026-09-29,42000,50000,annual,false,Permanent,Excel|Power BI|Stakeholder communication,1.0,Fictional preview data,true
DEMO-055,Management Information Analyst,Example Employer E,"Reading, South East",South East,MI Analyst,2.0,MI Analyst,2026-08-22,2026-09-29,26000,35000,annual,false,Permanent,SQL|Excel|Power BI,1.0,Fictional preview data,true
DEMO-056,Management Information Analyst,Example Employer F,"Norwich, East of England",East of England,MI Analyst,2.0,MI Analyst,2026-09-02,2026-09-29,,,unspecified,false,Permanent,SQL|Microsoft Fabric|Azure|Power BI,1.0,Fictional preview data,true
DEMO-057,Junior Data Analyst,Example Employer G,"Belfast, Northern Ireland",Northern Ireland,Data Analyst,2.0,Data Analyst,2026-09-07,2026-09-29,30000,37000,annual,false,Permanent,SQL|Power BI|DAX|Power Query,1.0,Fictional preview data,true
DEMO-058,Power BI Analyst,Example Employer H,"Reading, South East",South East,BI Analyst,2.0,BI Analyst,2026-09-12,2026-09-29,32000,40000,annual,false,Permanent,Excel|Power BI|Stakeholder communication,1.0,Fictional preview data,true
DEMO-059,Management Information Analyst,Example Employer I,"Leeds, Yorkshire and the Humber",Yorkshire and the Humber,MI Analyst,2.0,MI Analyst,2026-09-17,2026-09-29,34000,43000,annual,false,Permanent,SQL|Excel|Power BI,1.0,Fictional preview data,true
DEMO-060,Reporting Analyst,Example Employer J,"Exeter, South West",South West,Other analyst,2.0,Data Analyst,2026-09-22,2026-09-29,36000,46000,annual,false,Permanent,SQL|Tableau|Python,1.0,Fictional preview data,true
